robot_position,robot_orientation,centroid_record,info_gain_record
-0.009990543055254247,-0.24965531629440949
-0.0015051307065104297,0.00011116535232893783,-0.8390945792773646,0.5439834649832916
[ 2.41887479 -0.96760418],[3.36185551 1.29420275],[1.65206567 2.16068924],[ 4.03638566 -1.44117945]
159.52293256006573,149.58779655755475,162.2172234802195,150.1293438400268
1.5154367794224497,1.9912340774722936
0.0003057731136895389,-4.853536811710314e-06,0.4057897847092433,0.9139663776165139
[ 3.05069287 -1.21320177],[0.9936828  2.45161234],[ 3.42726707e-08 -3.99999978e+00],[-0.49999997 -1.99999975]
265.4321422568012,291.4713670925533,8762.40318093353,8080.890848519353
