robot_position,robot_orientation,centroid_record,info_gain_record
0.1612400486042255,0.20811297274453885
-0.0005502178028730938,0.0005957850774775859,0.2868216350604606,0.9579836563346825
"[3.10000005, 0.59999999]","[3.00000005, 3.80000004]","[2.40000004, -1.30000004]","[1.50000002, 2.80000002]"
2109.320710500649,9.630219352937146,10.217028051485642,10.285481449564033
2.8430051554970777,0.5579714829513807
-0.001071803307153676,-0.0016733596276536729,0.08661139402641403,0.9962401862121789
"[3.10000005, -0.80000003]","[2.19396925, 5.13687611]","[1.10000002, 2.90000003]","[0.49102426, -0.42259762]"
200.83675596179629,182.21194808735686,201.76595681934742,4953.8162244335
