robot_position,robot_orientation,centroid_record,info_gain_record
0.04486530927367359,0.15478396862109564
-0.00011354039728863618,0.0006873796528865751,0.1841989440669044,0.9828887345869143
[2.14869363 1.28512056],[ 2.1570909  -0.76503954]
0.0,4.217449682970081
3.3666076939270124,1.2286457611360242
-0.0014134982861393065,0.0016480262247857438,0.17762907477861298,0.9840951173500354
[1.45925677 3.45361426],[4.651166   1.79154483],[ 4.30710006 -1.75743037],[ 0.55774522 -0.50240511]
167.2288651010607,633.0871014850662,153.91052747174518,9153.506534108932
3.992656691622648,-1.470916995500377
0.00011471002078065598,0.000612849668179667,-0.4462292549694552,0.8949184579172089
[ 4.68278125 -1.75110315],[8.70000013 1.60000053],[ 3.40000005 -6.69999959]
0.0,2214.4714276778586,613.1176708416532
0.1862991961390019,0.2348357310906678
-0.0008394398398834322,0.00018290521859421334,0.30460697090395117,0.952477743471994
[1.75462662 1.83738289],[0.31774021 0.54090865],[2.95000004 0.60000001]
7.864885310690997,7.797111177808021,7.866755422205232
2.7104697176362347,0.5600082616910473
-0.000549821652249178,-0.001410293315406813,0.07891712307744005,0.9968800302456309
[ 2.21430154 -0.9174303 ],[ 3.68444371 -1.39464693],[1.20000002 2.90000004]
121.755069087379,123.3818623133096,123.75446583719896
